Date;Scrapped
28/04/2022;"Sejarah Android, dari Ditolak Samsung hingga Dibeli Googlehttps://tekno.kompas.com › Tekno › Apps & OS
Kompas.com - 28/04/2021, 20:03 WIB ... KOMPAS.com - Pengguna smartphone pasti sudah tak asing dengan sistem operasi yang sering kali dinamai dengan berbagai ...

Kominfo Didesak Cabut Peraturan yang Bisa Blokir ...https://tekno.kompas.com › Tekno › e-Business
Kominfo Didesak Cabut Peraturan yang Bisa Blokir Penyelenggara Sistem Elektronik. Kompas.com - 28/04/2021, 17:49 WIB. Bagikan:.

Negosiasi Merger Tri-Indosat Diperpanjang hingga 30 Junihttps://tekno.kompas.com › Tekno › e-Business
Kompas.com - 28/04/2021, 19:28 WIB ... KOMPAS.com - Setelah melalui sejumlah pertimbangan, Indosat Ooredoo dan Hutchison Tri ... Lihat Tekno Selengkapnya ...

Tips Memotret Gerhana Bulan dengan Ponsel Halaman allhttps://tekno.kompas.com › Tekno › Gadget
Kompas.com - 28/04/2021, 15:34 WIB. Bagikan: ... KOMPAS.com - Fenomena gerhana bulan merupakan salah satu peristiwa astronomi langka, di mana sebagian atau ...

Laba XL Axiata Rp 321 Miliar, Layanan Data Jadi ...https://tekno.kompas.com › Tekno › e-Business
Kompas.com - 28/04/2021, 08:02 WIB ... KOMPAS.com - Operator seluler XL Axiata membukukan pencapaian positif pada kuartal ... Lihat Tekno Selengkapnya ...

7 Cara Mudah Mengenali Situs Web Palsu agar Terhindar ...https://tekno.kompas.com › Tekno › Internet
7 Cara Mudah Mengenali Situs Web Palsu agar Terhindar dari ""Scam"". Kompas.com - 28/04/2021, 09:31 WIB. Bagikan: Komentar. Ilustrasi Internet. Lihat Foto.

Panggil Google Assistant di Ponsel Tak Perlu Sebut ""OK ...https://tekno.kompas.com › Tekno › Apps & OS
28 Apr 2021 — KOMPAS.com - Google tengah mengembangkan sebuah fitur baru untuk aplikasi ... Dihimpun KompasTekno dari Android Police, Rabu (28/4/2021), ...

Tampilan Baru Zoom dengan Immersive View, Tatap Muka ...https://tekno.kompas.com › Tekno › Apps & OS
Kompas.com - 28/04/2021, 14:31 WIB ... KOMPAS.com - Aplikasi Zoom versi 5.6.4 dibekali dengan fitur baru yang bakal menciptakan suasana tatap muka virtual ...

Oppo A95 5G Resmi Meluncur, Harga Rp 4 Jutaan - Kompas ...https://tekno.kompas.com › Tekno › Gadget
28 Apr 2021 — Sebagaimana dihimpun KompasTekno dari GSM Arena, Rabu (28/4/2021), ponsel ini sudah menjalankan sistem operasi (OS) Android 11 berbalut ...

Diperbarui, Samsung Galaxy A52 Dapat Fitur Kamera Galaxy ...https://tekno.kompas.com › Tekno › Gadget
Kompas.com - 28/04/2021, 13:09 WIB ... ""Download"" untuk mengunduh pembaruan atau ""Later"" untuk menunda pembaruan di lain waktu. ... Lihat Tekno Selengkapnya ...

28 April, Samsung Gelar ""Galaxy Unpacked"" Ketiga Tahun Inihttps://tekno.kompas.com › Tekno › Gadget
15 Apr 2021 — Teaser Samsung Galaxy Unpacked 28 April 2021(Samsung) ... KOMPAS.com - Samsung mengumumkan akan menggelar acara Galaxy Unpacked ketiga tahun ...

Facebook Mulai Minta Izin untuk Lacak Aktivitas Pengguna ...https://tekno.kompas.com › Tekno › e-Business
Kompas.com - 28/04/2021, 09:03 WIB ... KOMPAS.com - Salah satu fitur baru dari iOS 14.5 yang dirilis awal pekan ini adalah App Tracking Transparency yang ...

Xiaomi Redmi K40 Gaming Edition Meluncur dengan Chip ...https://tekno.kompas.com › Tekno › Gadget
Kompas.com - 28/04/2021, 11:32 WIB ... KOMPAS.com - Xiaomi kembali meramaikan pasar ponsel gaming lewat ponsel teranyarnya, ... Lihat Tekno Selengkapnya ...

Poco X3 Pro dan Poco F3 Resmi Dirilis di Indonesia, Ini ...https://tekno.kompas.com › Tekno › Gadget
21 Apr 2021 — KOMPAS.com - Xiaomi resmi merilis dua smartphone teranyarnya ke Indonesia, ... dengan first sale Poco F3 pada 28 April 2021 mendatang.

Hati-hati Komputer Bisa Dibajak lewat Bot Telegram - Kompas ...https://tekno.kompas.com › Tekno › Apps & OS
Kompas.com - 28/04/2021, 10:01 WIB ... KOMPAS.com - Peneliti keamanan dari Check Point Software Technologies menyebut ada hacker (peretas) yang menyisipkan ...

Nokia Ikut Jual Ponsel Tanpa Charger - Kompas Teknohttps://tekno.kompas.com › Tekno › Gadget
28 Apr 2021 — Alasan yang sama dikemukan Apple saat merilis iPhone 12. Sebagaimana dihimpun KompasTekno dari Gadgets NDTV, Rabu (28/4/2021), HMD Global juga ...

Kompas Tekno - Kompas.comhttps://tekno.kompas.com
Berita Teknologi Hari Ini, Kabar Berita Terkini Dunia IT Meliputi Gadget Terbaru, Games, Apps, Smartphone, Review Produk, Internet, Software dan Hardware.

Pengalaman Menjajal Fitur Immersive View di Zoom Versi ...https://tekno.kompas.com › Tekno › Apps & OS
Kompas.com - 28/04/2021, 20:43 WIB. Bagikan: Komentar. Ilustrasi fitur Immersive View di Zoom versi terbaru. Lihat Foto. Ilustrasi fitur Immersive View di ...

Ditunda Setahun gara-gara Pandemi, Turnamen Mobile ...https://tekno.kompas.com › Tekno › Apps & OS
Kompas.com - 28/04/2021, 18:29 WIB. Bagikan: ... KOMPAS.com - Setelah dibatalkan gara-gara pandemi Covid-19, turnamen e-sports ... Lihat Tekno Selengkapnya ...

Perjalanan Karier Nadiem Makarim, dari Bos Gojek hingga ...https://tekno.kompas.com › Tekno › e-Business
29 Apr 2021 — KOMPAS.com - Presiden Joko Widodo resmi melantik Nadiem Makarim ... dan Teknologi (Mendikbud Ristek), di Istana Negara, Rabu (28/4/2021).
Tidak ada: after: ‎| Harus menyertakan: after:

Paket Streaming Lionsgate Play Telkomsel Mulai Rp 15.000https://tekno.kompas.com › Tekno › e-Business
Kompas.com - 28/04/2021, 15:04 WIB. Bagikan: Komentar. Ilustrasi kolaborasi Telkomsel dengan platform video-on-demand Lionsgate Play. Lihat Foto.

Notifikasi Twitter Spaces Bisa Dimatikan, Begini Caranyahttps://tekno.kompas.com › Tekno › Apps & OS
Kompas.com - 28/04/2021, 16:01 WIB ... memberikan notifikasi berikut suara ketika orang yang Anda ikuti (following) sedang melakukan sesi obrolan di Spaces.

Mata Munarman Ditutup, Anggota DPR: Bukan Baru ...https://nasional.kompas.com › News › Nasional
Mata Munarman Ditutup, Anggota DPR: Bukan Baru Dipertanyakan, Perlu Diatur Detail. Kompas.com - 28/04/2021, 11:35 WIB. Bagikan:.

Malu Ditanya Jumlah Istri, Pak Tarno: Entar Dianggap Playboyhttps://www.kompas.com › Hype
Malu Ditanya Jumlah Istri, Pak Tarno: Entar Dianggap Playboy. Kompas.com - 28/04/2021, 16:50 WIB. Bagikan: Komentar. Pak Tarno saat berbincang dengan Deddy ...

Harga dan Spesifikasi Lengkap Poco F3 di Indonesiahttps://tekno.kompas.com › Tekno › Gadget
22 Apr 2021 — KOMPAS.com - Xiaomi resmi memboyong ponsel flagship terbarunya, Poco F3 ... Penjualan perdana Poco F3 bakal dimulai pada 28 April 2021 pukul ...

Punya Program TV, Pak Tarno: Masa Bangkrut, Enggak ...https://www.kompas.com › Hype
Punya Program TV, Pak Tarno: Masa Bangkrut, Enggak Mungkin Dong. Kompas.com - 28/04/2021, 14:25 WIB. Bagikan: Komentar. Pak Tarno saat berbincang dengan ...

Mengenal TATP, Bahan Baku Peledak Berjuluk ""Mother of ...https://www.kompas.com › Tren
Kompas.com - 28/04/2021, 12:25 WIB ... sejumlah kasus serangan terorisme menggunakan TATP sebagai bahan peledak dan memiliki after effect yang mematikan.

Munarman Diborgol dan Matanya Ditutup, Kuasa Hukumhttps://nasional.kompas.com › News › Nasional
Munarman Diborgol dan Matanya Ditutup, Kuasa Hukum: Menyalahi Prinsip HAM. Kompas.com - 28/04/2021, 06:09 WIB. Bagikan: Komentar. Mantan petinggi ormas FPI, ...

Raditya Dika Tak Lagi Ambil Job Stand Up Comedy, Kenapa?https://www.kompas.com › Hype
Raditya Dika Tak Lagi Ambil Job Stand Up Comedy, Kenapa? Kompas.com - 28/04/2021, 12:17 WIB. Bagikan: Komentar. Komedian tunggal Raditya Dika saat ditemui ...

Berita Gadget Terbaru Hari ini - Kompas Teknohttps://tekno.kompas.com › gadget
Berita Gadget Hari Ini, Kabar Berita Terkini Produk Gadget Terbaru Meliputi Produk Smartphone, Tablet, Laptop, Komputer, Handphone di Indonesia dan Dunia.

Indonesia dalam tahun 2021 - Wikiwandhttps://www.wikiwand.com › Indonesia_dalam_tahun_...
Media, Kompas Cyber (2021-04-28). ""Dilantik Jadi Mendikbud-Ristek, Nadiem: Riset dan Teknologi Sangat Dekat di Hati Saya"". KOMPAS.com.

www.mtcrc.center - Newsletterhttps://sites.google.com › mtcrc.center › mtcrcintro › new...
After the integration of all research institutions into BRIN, all research ... Quoted from Kompas.com news, Tuesday (12/10/2019) gamma rays are a form of ...

GAMBARAN KEPRIBADIAN GELAP (DARK TRIAD ...https://journal.uir.ac.id › alhikmah › article › view
oleh I Rizal · 2021 — Bohang, F.K (2018). Berapa Jumlah Pengguna Internet Indonesia?"", diakses dari: https://tekno.kompas.com/read/2018/02/22/16453177/berapa ...

Main Petasan Berujung Maut, 2 Pemuda Ponorogo Tewas ...https://www.tribunnews.com › Regional › Jawa & Bali
28 Apr 2021 — Dikutip dari tayangan Kompas Pagi, Kompas TV, Rabu (28/4/2021), selain menewaskan keduanya, ledakan petasan juga merusak bangunan rumah ...

Sahrul Gunawan Resmi Dilantik Jadi Wakil Bupati Bandung ...https://www.grid.id › amp › sahrul-gunawan-resmi-dila...
28 Apr 2021 — Maka perintah dari Kemendagri melakukan pelantikan,"" kata Kang Emil, seperti dikutip Grid.ID dari laman Kompas.com, pada Rabu (28/4/2021).

Sempat Hebohkan Warga Depok, Mitos Babi Ngepet Sudah ...https://www.grid.id › W-Stories
28 Apr 2021 — Dikutip dari Kompas TV, Rabu (28/4/2021), mitos pesugihan dan babi ngepet rupanya sudah ada sejak lama. Bagi kalangan suku Sunda dan suku ...

Indonesia dalam tahun 2021 - Universitas STEKOM Semaranghttps://p2k.stekom.ac.id › ensiklopedia › Indonesia_dal...
""BREAKING Sriwijaya Air #SJ182 Boeing 737 disappeared from radars after takeoff"". ... Tempo Tekno. 28 April 2021. ... Media, Kompas Cyber (2021-04-28).

Indonesia dalam tahun 2021 - Wikipediahttps://id.wikipedia.org › wiki › Indonesia_dalam_tahu...
""BREAKING Sriwijaya Air #SJ182 Boeing 737 disappeared from radars after ... nilai tanggal di: |access-date= (bantuan); ^ Media, Kompas Cyber (2021-04-28).

PENGARUH PENGGUNAAN MEDIA SOSIAL TIK TOK ...https://repository.uinjkt.ac.id › dspace › bitstreamPDF
oleh A Fauziah — 100 Milyar Untuk Indonesia,” artikel diakses pada 28 April 2021 dari https://tekno.kompas.com/read/2020/04/10/13430057/tiktok-sumbang-rp-5-.

sitemap.xml - Rumah Filsafathttps://rumahfilsafat.com › sitemap
... https://rumahfilsafat.com/2021/04/28/mengapa-negara-yang-terobsesi-pada- ... rumahfilsafat.com/2018/03/10/harian-kompas-10-maret-2018-tekno-demokrasi/ ...

BERITA RESMI MEREK SERI-Ahttps://www.dgip.go.id › uploads › berita_resmi › filePDF
19 Mei 2021 — after-sun untuk keperluan kosmetik; minyak almond; minyak aromatik; ... katalog, kompas, decalcomanias, catatan meja, buku harian, ...

berita terkini Archives • ProSehathttps://www.prosehat.com › artikel › tag › berita-terkini
Available at: <https://nasional.kompas.com/read/2021/04/28/10163901/ikatan ... Available at: <https://tekno.tempo.co/read/1457435/india-jawab-tsunami-covid- ...

Besaran Gaji dan Skill yang Dibutuhkan di Bidang UXhttps://www.youtube.com › watch

PRATINJAU
43:18
Apr 28, 2021 ... Berita Teknologi dan Gadget: https://tekno.kompas.com Instagram: https://www.instagram.com/kompas.tekno Twitter: ...
YouTube · Tech By Kompas · 28 Apr 2021

Toranji Ir 2021 04 22 Miui - Alvindayu.com - Dyah Ayu Alvindahttps://alvindayu.com › alvindayu.com › al-toranji-ir-2...
22 Apr 2021 — 2021-04-28 22:01; 9 . ... actually down then you can resolve the issue by doing following: Wait for the site going up again. ... KOMPAS.com.

news.xml - Universitas Gadjah Madahttps://ugm.ac.id › sitemap › news
... 2021-04-28 weekly .9 ... weekly .9 https://ugm.ac.id/en/news/20863-earn-doctoral-degree-after-conducting-chronic-disease-management-prolanis-services-in ...

Hp oppo reno 5f terbaru 2021 dan harganyahttps://memperoleh.com › ...
2 hari yang lalu — Pengarang: tekno.kompas.com ... Sama seperti hasil pencarian: 2021/4/28 · Sebelum datang ke toko dan membeli HP Oppo, lebih baik cek ...

Bagaimana sejarah lahirnya emoji? - Quorahttps://id.quora.com › Bagaimana-sejarah-lahirnya-emoji
https://internasional.kompas.com/read/2021/04/28/184118070/9-mitos-dan-fakta-hinduisme-di-tengah-masyarakat-india?page=all.
1 jawaban
 
·
 
33 suara: 
Shigetaka Kurita. Pria asal Jepang ini yang menciptakan emoji saat dirinya masih bekerja ...

Media Coverage - Mark Scherzhttp://www.markscherz.com › ...
Terjemahkan halaman ini
2019-12-26: Mongabay.com: Photos: Top 15 new species of 2019 (features Mini species and Uroplatus finaritra); 2021-05-02: Lemur Conservation Network: On the ...

Teknik Komputer IPB University (@TekkomIPB) / Twitterhttps://twitter.com › tekkomipb
The BloodyStealer trojan helps cyberattackers go after in-game goods and credits. ... Apr 28, 2021. Masih dicari angkatan 55 atau 56 Tekkom. ... kompas.com.

Seminar Executive Summaries Hannover Messe 2021https://bppsipekanbaru.kemenperin.go.id › 2021/05PDF
7 Mei 2021 — Diambil dari situs terralogiq.com (diakses pada: 28 April 2021) bahwa ... https://tekno.kompas.com/read/2020/09/25/17160097/empat-prioritas- ...

PENGARUH PENGGUNAAN MEDIA SOSIAL TIK TOK ...https://docplayer.info › amp › 226762659-Pengaruh-pe...
100 Milyar Untuk Indonesia, artikel diakses pada 28 April 2021 dari https://tekno.kompas.com/read/2020/04/10/13430057/tiktok-sumbang-rp-5- ...

Audi Marissa Mendadak Jual Koleksi Tasnya, Kenapa?https://news.allauction.live › Kompas.com › Hype
14 Jan 2022 — ""No box & no dustbag karena udh ilang karenan pindah2 rumah wkwk,"" tulisnya dikutip Kompas.com dari Instagram @audimarissa, Jumat (14/1/2022)."
